EBELN,BUKRS,BSTYP,BSART,LIFNR,BEDAT,NETWR,WAERS,EKORG,EKGRP
0000000001,2000,F,NB,0000000084,20210422,405953.11,COP,2000,008
0000000002,2000,K,NB,0000000137,20210315,362512.74,EUR,1000,001
0000000003,1000,K,ZNB,0000000062,20210327,142950.09,COP,2000,003
0000000004,2000,F,ZNB,0000000085,20231007,84710.3,EUR,1000,008
0000000005,3000,K,NB,0000000039,20200511,33307.69,EUR,2000,002
0000000006,3000,F,UB,0000000061,20230819,302099.06,COP,1000,005
0000000007,1000,K,UB,0000000183,20210628,473858.52,USD,1000,008
0000000008,2000,F,ZNB,0000000076,20221101,101557.4,USD,2000,002
0000000009,3000,K,UB,0000000001,20210515,258904.18,EUR,1000,001
0000000010,2000,F,NB,0000000013,20201127,213060.67,EUR,2000,006
0000000011,1000,K,ZNB,0000000096,20241216,416552.01,USD,1000,006
0000000012,2000,K,UB,0000000084,20210513,384207.75,USD,1000,005
0000000013,2000,K,ZNB,0000000142,20221218,320944.89,COP,1000,003
0000000014,2000,K,UB,0000000042,20211120,481258.56,COP,2000,008
0000000015,2000,K,UB,0000000037,20210607,286923.18,EUR,1000,007
0000000016,2000,K,ZNB,0000000054,20230408,98609.69,COP,1000,001
0000000017,1000,K,ZNB,0000000101,20210709,246603.93,EUR,1000,002
0000000018,3000,K,NB,0000000072,20231011,219015.88,USD,2000,001
0000000019,1000,F,ZNB,0000000105,20200725,203442.02,EUR,2000,007
0000000020,2000,K,NB,0000000172,20220618,314362.66,USD,2000,001
0000000021,3000,K,NB,0000000040,20210408,64116.6,USD,1000,004
0000000022,2000,F,UB,0000000160,20200817,7183.9,USD,1000,004
0000000023,3000,K,UB,0000000008,20220224,176399.01,COP,2000,004
0000000024,1000,F,ZNB,0000000186,20240419,495621.26,COP,2000,009
0000000025,2000,F,ZNB,0000000124,20210105,120177.47,USD,2000,007
0000000026,2000,K,UB,0000000186,20200125,464052.85,EUR,2000,008
0000000027,3000,K,UB,0000000147,20200821,50379.34,USD,2000,007
0000000028,1000,K,UB,0000000003,20230430,100649.78,COP,1000,002
0000000029,2000,F,ZNB,0000000032,20240713,379862.08,COP,2000,008
0000000030,3000,K,ZNB,0000000108,20240124,43449.09,EUR,2000,003
0000000031,1000,K,UB,0000000188,20220628,292556.89,EUR,2000,003
0000000032,3000,F,UB,0000000185,20201225,101758.58,USD,2000,008
0000000033,3000,K,ZNB,0000000061,20200110,430976.64,USD,1000,007
0000000034,3000,K,UB,0000000066,20220119,440328.18,COP,2000,008
0000000035,1000,K,UB,0000000058,20200329,103885.23,USD,2000,008
0000000036,2000,K,NB,0000000161,20210728,43351.18,COP,1000,003
0000000037,3000,F,ZNB,0000000012,20210311,225309.07,COP,1000,005
0000000038,2000,K,NB,0000000085,20220530,171006.4,USD,2000,004
0000000039,2000,K,UB,0000000063,20230815,74457.92,EUR,1000,009
0000000040,1000,F,ZNB,0000000130,20210413,114495.55,USD,2000,003
0000000041,3000,F,UB,0000000065,20220919,447469.82,USD,2000,001
0000000042,1000,K,NB,0000000102,20210322,226609.01,EUR,1000,008
0000000043,3000,F,UB,0000000024,20241014,374472.4,EUR,1000,004
0000000044,2000,K,UB,0000000086,20230625,201345.64,EUR,1000,005
0000000045,1000,F,UB,0000000188,20231209,471278.61,USD,2000,007
0000000046,2000,K,UB,0000000165,20220523,56546.07,USD,1000,006
0000000047,1000,F,NB,0000000169,20220204,354760.07,EUR,1000,008
0000000048,1000,K,ZNB,0000000099,20220805,320311.76,COP,2000,009
0000000049,1000,K,NB,0000000198,20221107,473552.49,COP,1000,008
0000000050,3000,F,ZNB,0000000011,20230808,424983.71,EUR,1000,007
0000000051,1000,K,UB,0000000164,20210720,450128.43,USD,2000,005
0000000052,2000,F,NB,0000000142,20201106,265929.37,EUR,1000,009
0000000053,3000,F,NB,0000000036,20220601,299117.12,EUR,2000,007
0000000054,3000,F,UB,0000000089,20200222,373624.92,COP,1000,001
0000000055,1000,F,UB,0000000080,20210826,119584.36,EUR,1000,003
0000000056,1000,K,ZNB,0000000167,20200718,100760.13,EUR,1000,005
0000000057,1000,F,UB,0000000102,20210504,203945.0,USD,2000,003
0000000058,2000,F,ZNB,0000000013,20240705,130417.78,COP,2000,007
0000000059,1000,F,NB,0000000070,20221012,46736.75,USD,2000,001
0000000060,1000,F,UB,0000000077,20210606,169792.13,COP,1000,004
0000000061,2000,F,UB,0000000049,20240608,292513.97,USD,1000,009
0000000062,1000,F,UB,0000000139,20200130,49989.68,USD,1000,009
0000000063,3000,K,UB,0000000045,20220601,475601.24,EUR,1000,006
0000000064,1000,F,UB,0000000133,20240701,276999.49,COP,2000,008
0000000065,2000,K,NB,0000000129,20200417,62271.32,USD,2000,007
0000000066,2000,K,NB,0000000016,20220322,311738.15,COP,2000,007
0000000067,2000,F,UB,0000000190,20230228,45612.98,COP,1000,009
0000000068,2000,F,UB,0000000058,20220621,441140.83,COP,2000,001
0000000069,3000,K,UB,0000000059,20240206,20739.6,COP,1000,005
0000000070,3000,K,NB,0000000120,20221114,103068.99,EUR,1000,009
0000000071,2000,K,UB,0000000115,20240104,391084.03,COP,1000,005
0000000072,1000,F,ZNB,0000000080,20230517,76181.35,EUR,2000,002
0000000073,2000,F,NB,0000000086,20240804,373778.81,COP,2000,005
0000000074,2000,K,ZNB,0000000126,20240620,450056.82,EUR,2000,002
0000000075,3000,K,ZNB,0000000004,20210409,35304.47,USD,1000,008
0000000076,1000,F,ZNB,0000000125,20230507,397050.67,COP,2000,009
0000000077,2000,F,NB,0000000091,20221205,455355.18,COP,1000,001
0000000078,2000,F,ZNB,0000000096,20220304,191030.9,USD,2000,006
0000000079,1000,F,NB,0000000094,20230403,177936.74,USD,2000,008
0000000080,1000,F,NB,0000000027,20200728,294862.84,COP,1000,007
0000000081,2000,F,UB,0000000138,20241030,235991.68,COP,1000,009
0000000082,3000,K,UB,0000000102,20210614,20809.63,USD,1000,002
0000000083,2000,F,ZNB,0000000132,20230524,147958.15,USD,2000,002
0000000084,2000,K,NB,0000000029,20231001,445984.09,COP,1000,007
0000000085,1000,K,ZNB,0000000174,20210513,75082.28,EUR,1000,003
0000000086,1000,F,UB,0000000179,20231122,139677.92,EUR,1000,007
0000000087,2000,K,UB,0000000018,20200921,370605.0,USD,2000,004
0000000088,2000,K,ZNB,0000000168,20210727,276304.64,EUR,1000,003
0000000089,2000,K,UB,0000000091,20210514,17814.35,COP,1000,003
0000000090,2000,K,ZNB,0000000155,20220814,194237.98,COP,1000,001
0000000091,2000,K,ZNB,0000000125,20240609,70644.37,EUR,1000,003
0000000092,1000,K,UB,0000000083,20240305,420425.32,EUR,1000,005
0000000093,3000,K,NB,0000000046,20241223,392261.34,COP,1000,007
0000000094,2000,F,NB,0000000007,20240214,300087.48,USD,1000,008
0000000095,3000,K,UB,0000000110,20220923,12488.33,COP,2000,005
0000000096,2000,F,ZNB,0000000109,20221107,4628.73,USD,2000,001
0000000097,1000,F,UB,0000000026,20240208,449091.64,EUR,2000,005
0000000098,1000,F,ZNB,0000000073,20231229,186074.09,USD,1000,006
0000000099,2000,F,NB,0000000102,20211221,497643.18,EUR,1000,007
0000000100,1000,F,ZNB,0000000065,20200710,462895.65,USD,1000,009
0000000101,2000,K,ZNB,0000000056,20240603,181543.63,COP,2000,007
0000000102,3000,F,NB,0000000060,20220210,299611.06,EUR,2000,003
0000000103,3000,K,ZNB,0000000010,20230918,264829.23,USD,2000,001
0000000104,2000,F,UB,0000000131,20211022,327065.12,EUR,1000,004
0000000105,3000,F,UB,0000000157,20220928,186906.92,EUR,1000,003
0000000106,3000,F,NB,0000000101,20230520,244365.63,COP,2000,005
0000000107,3000,K,ZNB,0000000126,20241005,458728.85,COP,2000,007
0000000108,3000,F,NB,0000000080,20200306,432333.38,COP,1000,009
0000000109,1000,F,NB,0000000083,20200630,183569.12,EUR,2000,008
0000000110,2000,F,UB,0000000133,20240520,466147.42,COP,1000,007
0000000111,1000,F,UB,0000000187,20230610,464586.92,COP,1000,002
0000000112,1000,K,ZNB,0000000106,20240411,31309.77,COP,2000,004
0000000113,3000,F,ZNB,0000000117,20211125,376308.91,USD,2000,002
0000000114,1000,F,ZNB,0000000054,20220212,437247.15,EUR,2000,001
0000000115,2000,K,UB,0000000164,20200912,104081.02,COP,1000,005
0000000116,1000,K,ZNB,0000000055,20200914,166866.53,USD,1000,004
0000000117,2000,F,UB,0000000192,20240806,165983.51,EUR,1000,007
0000000118,2000,K,ZNB,0000000002,20210221,439857.92,COP,2000,002
0000000119,1000,F,NB,0000000001,20240307,246172.35,USD,1000,001
0000000120,1000,F,ZNB,0000000050,20201016,250012.39,COP,2000,003
0000000121,3000,F,NB,0000000003,20230621,169907.67,COP,1000,005
0000000122,2000,K,NB,0000000170,20210111,242234.05,EUR,2000,004
0000000123,2000,K,UB,0000000071,20201228,423618.92,USD,2000,006
0000000124,1000,F,ZNB,0000000064,20230726,318213.07,USD,2000,009
0000000125,3000,K,ZNB,0000000006,20230315,439704.56,USD,2000,005
0000000126,1000,F,NB,0000000015,20210718,91626.79,COP,1000,002
0000000127,2000,K,NB,0000000106,20211112,419458.84,USD,2000,004
0000000128,2000,F,UB,0000000097,20220105,118455.7,USD,2000,005
0000000129,1000,F,UB,0000000057,20241110,138282.11,EUR,2000,005
0000000130,1000,K,NB,0000000031,20240406,219108.78,COP,1000,005
0000000131,1000,F,UB,0000000153,20210512,327289.51,USD,1000,005
0000000132,1000,F,UB,0000000131,20230127,162311.9,USD,1000,007
0000000133,1000,F,NB,0000000093,20220628,418684.55,EUR,2000,001
0000000134,3000,F,ZNB,0000000164,20230227,477294.39,USD,1000,004
0000000135,3000,K,NB,0000000055,20240210,289521.42,COP,2000,007
0000000136,3000,F,UB,0000000079,20200721,68636.97,COP,2000,002
0000000137,3000,F,NB,0000000054,20220529,306950.87,USD,1000,009
0000000138,1000,K,UB,0000000019,20240910,305156.4,COP,1000,006
0000000139,2000,F,ZNB,0000000107,20210916,300397.59,EUR,2000,007
0000000140,2000,K,UB,0000000132,20211231,133827.91,COP,1000,004
0000000141,1000,K,NB,0000000094,20231023,261425.7,USD,1000,007
0000000142,2000,K,ZNB,0000000125,20220706,192667.39,COP,1000,001
0000000143,2000,F,NB,0000000016,20211111,406638.47,COP,1000,001
0000000144,3000,F,NB,0000000004,20240126,407300.49,COP,2000,004
0000000145,1000,K,UB,0000000026,20210426,305535.91,COP,1000,002
0000000146,2000,K,ZNB,0000000057,20210509,46717.41,EUR,2000,002
0000000147,3000,K,ZNB,0000000131,20210205,369326.26,EUR,1000,001
0000000148,1000,K,ZNB,0000000074,20240927,384769.51,EUR,1000,001
0000000149,2000,F,UB,0000000020,20220802,123480.46,EUR,1000,003
0000000150,1000,F,ZNB,0000000095,20200515,239538.39,USD,1000,005
0000000151,1000,F,ZNB,0000000013,20240927,398486.49,EUR,1000,009
0000000152,3000,K,UB,0000000109,20230729,256528.5,COP,2000,005
0000000153,2000,F,ZNB,0000000082,20210112,161852.33,COP,1000,004
0000000154,1000,F,UB,0000000066,20231228,37583.89,COP,2000,009
0000000155,1000,F,UB,0000000030,20220727,190732.49,USD,1000,008
0000000156,3000,K,ZNB,0000000014,20211124,472405.51,EUR,1000,005
0000000157,3000,K,NB,0000000095,20230823,157231.06,USD,1000,003
0000000158,3000,F,NB,0000000113,20210922,65766.23,COP,1000,005
0000000159,1000,F,NB,0000000033,20200410,205091.98,COP,2000,009
0000000160,2000,F,NB,0000000135,20240509,498214.15,USD,1000,001
0000000161,1000,F,NB,0000000141,20241118,202826.0,EUR,1000,001
0000000162,1000,K,NB,0000000138,20240726,179197.96,USD,1000,009
0000000163,1000,F,UB,0000000137,20220707,69911.96,EUR,1000,008
0000000164,2000,K,NB,0000000102,20210708,285293.87,USD,1000,009
0000000165,3000,F,ZNB,0000000149,20211005,192952.99,COP,2000,002
0000000166,2000,K,NB,0000000022,20231110,471112.07,EUR,2000,007
0000000167,2000,F,NB,0000000179,20200106,185466.88,EUR,1000,004
0000000168,3000,K,UB,0000000067,20210504,258969.29,EUR,2000,004
0000000169,3000,F,ZNB,0000000200,20241107,267654.61,USD,1000,007
0000000170,2000,K,ZNB,0000000092,20200402,391209.71,USD,2000,005
0000000171,1000,K,ZNB,0000000113,20220803,232893.64,USD,2000,002
0000000172,3000,K,NB,0000000033,20220828,332307.42,USD,2000,002
0000000173,1000,F,ZNB,0000000043,20240716,103125.78,COP,1000,004
0000000174,2000,K,UB,0000000077,20220504,402281.03,USD,2000,008
0000000175,1000,K,UB,0000000074,20200422,413232.46,EUR,1000,008
0000000176,1000,K,NB,0000000068,20240816,50242.02,USD,1000,007
0000000177,3000,F,NB,0000000036,20210929,304830.98,EUR,1000,007
0000000178,3000,F,ZNB,0000000016,20230713,11746.87,USD,1000,005
0000000179,2000,K,ZNB,0000000142,20230903,162193.69,EUR,2000,004
0000000180,1000,K,UB,0000000098,20240909,66296.82,USD,1000,003
0000000181,3000,F,NB,0000000022,20230403,467525.92,USD,2000,005
0000000182,2000,K,UB,0000000128,20220317,282196.95,COP,1000,005
0000000183,1000,K,ZNB,0000000165,20210811,84751.84,COP,1000,003
0000000184,3000,K,NB,0000000056,20210320,267132.25,COP,1000,003
0000000185,2000,K,UB,0000000041,20211202,154286.53,EUR,2000,007
0000000186,1000,K,UB,0000000142,20210321,56211.82,USD,2000,003
0000000187,3000,F,ZNB,0000000090,20240724,389508.39,EUR,2000,001
0000000188,2000,K,UB,0000000126,20220722,267315.5,USD,1000,009
0000000189,3000,K,NB,0000000088,20200826,432233.4,COP,1000,006
0000000190,3000,K,ZNB,0000000197,20221009,366489.39,COP,1000,008
0000000191,3000,F,UB,0000000161,20200205,369457.95,EUR,2000,007
0000000192,1000,F,ZNB,0000000184,20210711,461797.78,USD,2000,008
0000000193,2000,F,ZNB,0000000145,20220506,326713.18,COP,1000,009
0000000194,2000,F,NB,0000000046,20201119,16230.17,USD,1000,003
0000000195,2000,K,ZNB,0000000142,20230404,270278.38,EUR,2000,007
0000000196,3000,K,ZNB,0000000012,20220705,481718.93,USD,1000,007
0000000197,3000,F,ZNB,0000000065,20200301,386251.31,USD,1000,009
0000000198,2000,K,NB,0000000079,20211002,431777.04,USD,1000,005
0000000199,1000,F,ZNB,0000000113,20231024,327841.4,COP,2000,002
0000000200,3000,F,UB,0000000108,20200907,409180.13,USD,2000,003
0000000201,1000,F,UB,0000000106,20200722,486780.41,USD,2000,002
0000000202,3000,K,ZNB,0000000034,20241026,191821.41,COP,2000,006
0000000203,3000,K,NB,0000000109,20210218,157525.72,COP,1000,003
0000000204,1000,F,ZNB,0000000041,20201109,99054.02,USD,1000,002
0000000205,2000,K,NB,0000000151,20240720,50693.15,USD,2000,008
0000000206,3000,K,NB,0000000133,20200127,376734.67,EUR,2000,005
0000000207,1000,F,NB,0000000059,20200922,467783.34,COP,2000,009
0000000208,2000,F,NB,0000000149,20210216,433009.72,COP,2000,009
0000000209,1000,F,NB,0000000138,20241221,496188.17,USD,2000,005
0000000210,2000,F,ZNB,0000000041,20220520,78350.91,USD,2000,001
0000000211,3000,F,UB,0000000164,20210922,468631.73,COP,1000,005
0000000212,2000,K,ZNB,0000000140,20210228,38114.75,EUR,1000,002
0000000213,1000,F,ZNB,0000000147,20240220,117873.93,USD,1000,008
0000000214,2000,F,UB,0000000076,20230422,47995.66,USD,1000,005
0000000215,1000,F,NB,0000000047,20231228,286454.5,EUR,2000,003
0000000216,2000,K,UB,0000000052,20210809,424990.67,USD,1000,005
0000000217,3000,K,UB,0000000063,20200803,23089.81,COP,1000,009
0000000218,1000,K,NB,0000000102,20211201,426137.57,COP,1000,004
0000000219,1000,F,UB,0000000187,20210115,313783.32,USD,1000,005
0000000220,2000,F,ZNB,0000000164,20230419,44537.31,EUR,2000,007
0000000221,1000,K,NB,0000000122,20230729,162181.81,COP,2000,002
0000000222,1000,F,NB,0000000106,20201031,314406.07,COP,2000,009
0000000223,2000,K,UB,0000000056,20210909,137544.3,EUR,2000,003
0000000224,3000,K,UB,0000000183,20230312,446893.15,USD,1000,003
0000000225,3000,K,NB,0000000098,20210205,474724.89,USD,1000,004
0000000226,1000,F,NB,0000000116,20220611,273204.66,USD,1000,003
0000000227,1000,K,NB,0000000073,20201015,101360.26,USD,2000,007
0000000228,1000,F,NB,0000000064,20230706,67586.43,COP,2000,001
0000000229,1000,F,NB,0000000089,20200720,69082.25,EUR,2000,001
0000000230,1000,K,UB,0000000059,20230919,204659.58,USD,2000,001
0000000231,3000,K,UB,0000000168,20210910,89433.46,USD,1000,003
0000000232,3000,F,UB,0000000124,20200706,10503.64,COP,1000,004
0000000233,3000,F,ZNB,0000000086,20241014,124839.21,COP,1000,002
0000000234,1000,F,ZNB,0000000176,20230424,34506.26,EUR,2000,004
0000000235,1000,F,UB,0000000133,20221204,133558.96,USD,2000,005
0000000236,2000,F,ZNB,0000000113,20200110,494157.51,COP,1000,007
0000000237,3000,K,UB,0000000196,20201223,224740.04,USD,2000,003
0000000238,1000,F,ZNB,0000000067,20200606,121475.05,USD,2000,008
0000000239,2000,K,NB,0000000092,20210129,42234.25,USD,1000,007
0000000240,2000,K,UB,0000000169,20241204,182881.34,COP,2000,009
0000000241,3000,F,ZNB,0000000165,20210428,144763.72,COP,1000,009
0000000242,1000,F,NB,0000000182,20240516,403838.79,EUR,1000,001
0000000243,3000,F,ZNB,0000000111,20220612,457723.96,EUR,2000,004
0000000244,1000,K,UB,0000000072,20210611,120978.82,EUR,2000,001
0000000245,2000,F,NB,0000000050,20200823,451903.08,USD,1000,006
0000000246,3000,F,NB,0000000129,20230702,283482.78,USD,1000,009
0000000247,2000,F,NB,0000000044,20221017,294922.94,COP,2000,009
0000000248,1000,F,NB,0000000112,20220401,178521.22,COP,1000,006
0000000249,2000,K,NB,0000000041,20210819,108734.73,EUR,1000,009
0000000250,3000,F,ZNB,0000000014,20230314,61030.39,COP,2000,001
0000000251,3000,F,ZNB,0000000089,20240724,104775.01,EUR,2000,006
0000000252,2000,F,NB,0000000186,20220716,159962.31,EUR,1000,006
0000000253,3000,K,ZNB,0000000098,20230517,275892.78,COP,1000,001
0000000254,2000,F,ZNB,0000000192,20241206,390061.25,COP,1000,008
0000000255,2000,F,NB,0000000164,20201116,114546.63,USD,2000,005
0000000256,3000,F,ZNB,0000000088,20240814,378520.52,EUR,1000,001
0000000257,2000,F,ZNB,0000000108,20200611,483005.61,COP,2000,009
0000000258,3000,K,ZNB,0000000089,20201217,288133.05,EUR,1000,005
0000000259,1000,K,UB,0000000114,20230212,363328.04,COP,2000,002
0000000260,2000,K,ZNB,0000000166,20230317,265017.95,EUR,2000,004
0000000261,2000,K,NB,0000000117,20201102,155995.0,COP,1000,005
0000000262,3000,K,UB,0000000088,20210215,410404.51,USD,1000,008
0000000263,2000,K,ZNB,0000000109,20201031,86990.65,EUR,1000,004
0000000264,2000,K,UB,0000000044,20220629,481671.58,EUR,2000,006
0000000265,3000,K,NB,0000000111,20210730,389106.87,EUR,1000,004
0000000266,1000,F,UB,0000000035,20240129,110759.59,EUR,2000,006
0000000267,3000,K,ZNB,0000000195,20240228,229404.6,COP,1000,008
0000000268,1000,F,UB,0000000140,20201110,36622.44,EUR,1000,007
0000000269,1000,F,ZNB,0000000088,20231230,250226.76,USD,1000,004
0000000270,2000,K,ZNB,0000000192,20220320,312979.32,COP,1000,002
0000000271,3000,F,UB,0000000086,20230615,490614.92,EUR,1000,006
0000000272,1000,F,ZNB,0000000081,20210405,480934.52,USD,1000,007
0000000273,3000,K,NB,0000000014,20211124,126335.09,COP,1000,006
0000000274,1000,F,ZNB,0000000092,20220803,290618.64,USD,2000,009
0000000275,1000,K,NB,0000000102,20200714,219341.81,EUR,2000,008
0000000276,1000,K,UB,0000000066,20211217,456242.19,USD,1000,005
0000000277,2000,K,ZNB,0000000123,20201009,129505.8,COP,2000,005
0000000278,2000,K,ZNB,0000000193,20200924,116117.89,EUR,1000,003
0000000279,3000,K,UB,0000000130,20211221,78912.51,EUR,2000,004
0000000280,2000,F,UB,0000000075,20200930,287493.02,EUR,2000,002
0000000281,1000,K,NB,0000000057,20240707,449908.2,USD,2000,009
0000000282,1000,K,NB,0000000124,20220120,186078.39,COP,2000,007
0000000283,1000,F,NB,0000000156,20230525,73475.37,EUR,1000,005
0000000284,2000,K,ZNB,0000000144,20240613,432826.15,EUR,2000,002
0000000285,3000,F,UB,0000000058,20200404,339350.71,EUR,1000,008
0000000286,3000,F,UB,0000000098,20200122,69173.49,USD,1000,001
0000000287,2000,K,ZNB,0000000180,20210129,300329.03,EUR,1000,007
0000000288,1000,F,ZNB,0000000135,20200905,63203.23,COP,2000,008
0000000289,2000,F,NB,0000000024,20200403,125845.66,COP,1000,003
0000000290,1000,F,UB,0000000005,20240215,472866.72,EUR,1000,008
0000000291,3000,K,UB,0000000119,20200229,87872.31,USD,1000,006
0000000292,3000,F,ZNB,0000000194,20200531,230675.75,USD,1000,002
0000000293,1000,K,NB,0000000169,20221007,490511.87,USD,1000,005
0000000294,3000,K,ZNB,0000000013,20231005,220344.96,USD,1000,007
0000000295,1000,K,NB,0000000118,20201214,161214.65,USD,1000,009
0000000296,1000,K,NB,0000000106,20230302,300396.08,COP,2000,004
0000000297,2000,F,NB,0000000178,20230209,156339.24,USD,2000,005
0000000298,1000,F,UB,0000000144,20230715,364878.71,COP,2000,008
0000000299,2000,F,NB,0000000143,20210718,90686.29,EUR,2000,008
0000000300,1000,F,ZNB,0000000136,20220629,224918.43,USD,1000,003
0000000301,1000,F,NB,0000000114,20200814,306727.77,EUR,1000,005
0000000302,2000,F,UB,0000000138,20230704,390096.67,COP,2000,008
0000000303,1000,K,UB,0000000014,20201006,342021.76,COP,2000,003
0000000304,2000,F,ZNB,0000000014,20220226,262806.73,USD,1000,006
0000000305,3000,K,ZNB,0000000180,20210612,179081.28,COP,2000,004
0000000306,1000,F,NB,0000000162,20200926,71085.25,EUR,2000,002
0000000307,1000,K,UB,0000000106,20241011,455094.16,EUR,1000,006
0000000308,2000,K,ZNB,0000000131,20230105,154967.5,USD,1000,009
0000000309,1000,F,UB,0000000168,20221001,237099.07,COP,1000,008
0000000310,3000,F,ZNB,0000000130,20200520,331893.27,EUR,1000,003
0000000311,2000,K,NB,0000000007,20220906,30435.35,USD,2000,002
0000000312,2000,K,NB,0000000130,20200810,331290.98,COP,1000,009
0000000313,2000,K,UB,0000000027,20230624,371508.31,COP,1000,009
0000000314,3000,K,NB,0000000017,20200331,83574.65,EUR,2000,005
0000000315,1000,F,ZNB,0000000111,20241210,494694.79,USD,1000,009
0000000316,2000,F,ZNB,0000000150,20240201,246599.68,USD,2000,005
0000000317,2000,F,NB,0000000117,20200404,383215.8,USD,2000,004
0000000318,2000,K,UB,0000000099,20240213,260117.97,USD,2000,007
0000000319,2000,K,ZNB,0000000179,20200723,382495.74,COP,1000,008
0000000320,3000,F,ZNB,0000000090,20200720,427301.91,COP,2000,005
0000000321,3000,K,UB,0000000079,20210819,216377.24,EUR,1000,006
0000000322,2000,K,UB,0000000054,20211208,217669.91,USD,1000,005
0000000323,1000,F,ZNB,0000000045,20240604,8630.03,EUR,2000,008
0000000324,1000,F,ZNB,0000000058,20210129,261791.61,USD,1000,002
0000000325,1000,F,ZNB,0000000095,20220428,480439.55,COP,2000,004
0000000326,2000,K,ZNB,0000000198,20241224,140006.8,COP,1000,004
0000000327,3000,K,NB,0000000004,20211025,74093.15,COP,2000,003
0000000328,1000,K,UB,0000000018,20210502,167137.77,EUR,2000,007
0000000329,3000,F,ZNB,0000000167,20210129,434435.1,COP,1000,001
0000000330,2000,F,ZNB,0000000120,20210113,25057.31,COP,1000,008
0000000331,3000,F,ZNB,0000000174,20200828,40843.22,EUR,1000,005
0000000332,3000,F,ZNB,0000000004,20231229,72134.96,EUR,2000,003
0000000333,1000,F,NB,0000000165,20200712,433686.53,EUR,1000,002
0000000334,2000,K,ZNB,0000000095,20221220,90948.22,USD,1000,005
0000000335,2000,F,NB,0000000017,20210422,74171.44,EUR,1000,004
0000000336,3000,F,ZNB,0000000005,20230417,388577.77,EUR,2000,002
0000000337,2000,F,NB,0000000100,20241221,131969.8,EUR,1000,004
0000000338,3000,K,ZNB,0000000004,20210910,301052.39,USD,1000,005
0000000339,1000,K,UB,0000000190,20230210,210687.38,USD,2000,007
0000000340,1000,K,ZNB,0000000095,20201229,281077.43,EUR,2000,008
0000000341,2000,F,UB,0000000041,20211001,224564.95,EUR,2000,002
0000000342,3000,F,UB,0000000173,20240229,50364.27,EUR,1000,008
0000000343,2000,F,UB,0000000162,20210610,188384.8,USD,2000,008
0000000344,1000,K,NB,0000000035,20230512,88500.39,EUR,2000,009
0000000345,2000,F,NB,0000000165,20241213,363019.87,USD,1000,007
0000000346,2000,F,UB,0000000010,20230401,25220.16,COP,1000,004
0000000347,3000,F,ZNB,0000000075,20210125,482024.79,EUR,1000,005
0000000348,3000,F,NB,0000000048,20240205,325931.26,COP,2000,009
0000000349,2000,F,ZNB,0000000068,20240107,268078.68,USD,2000,007
0000000350,3000,K,NB,0000000064,20231229,101923.75,USD,2000,007
0000000351,3000,F,UB,0000000148,20210202,16326.63,COP,1000,006
0000000352,3000,K,NB,0000000088,20220423,33653.46,USD,1000,004
0000000353,3000,F,NB,0000000019,20211006,495211.03,EUR,1000,005
0000000354,2000,F,NB,0000000084,20230424,263692.46,EUR,2000,003
0000000355,3000,K,UB,0000000171,20210907,380850.08,USD,2000,002
0000000356,1000,K,ZNB,0000000036,20241024,297704.38,USD,1000,004
0000000357,1000,K,UB,0000000101,20220511,233215.89,EUR,1000,003
0000000358,2000,K,ZNB,0000000156,20230510,272854.08,EUR,1000,003
0000000359,3000,K,UB,0000000021,20220602,463576.45,EUR,1000,009
0000000360,2000,K,ZNB,0000000138,20220612,421468.41,USD,2000,009
0000000361,2000,K,NB,0000000156,20230524,260583.68,COP,1000,006
0000000362,3000,F,ZNB,0000000155,20201020,146288.36,EUR,1000,006
0000000363,3000,K,NB,0000000013,20230424,357227.85,COP,1000,008
0000000364,2000,K,ZNB,0000000083,20240908,472666.55,EUR,1000,007
0000000365,3000,F,NB,0000000006,20230921,359945.62,COP,1000,006
0000000366,1000,F,UB,0000000164,20220224,52559.08,COP,1000,008
0000000367,3000,K,UB,0000000056,20210228,377330.86,COP,1000,001
0000000368,3000,F,ZNB,0000000108,20240920,136604.89,EUR,1000,003
0000000369,2000,K,UB,0000000185,20230722,34465.82,USD,2000,006
0000000370,3000,F,NB,0000000146,20241118,407027.3,EUR,2000,003
0000000371,1000,F,ZNB,0000000157,20200117,88720.53,COP,2000,002
0000000372,1000,K,NB,0000000012,20210523,37407.32,USD,1000,009
0000000373,2000,F,UB,0000000134,20230511,476795.97,USD,2000,008
0000000374,1000,K,UB,0000000138,20241019,378108.54,USD,2000,002
0000000375,2000,K,ZNB,0000000091,20200317,479184.51,EUR,2000,006
0000000376,1000,F,ZNB,0000000111,20211010,247209.32,EUR,2000,007
0000000377,3000,K,UB,0000000163,20210325,492225.24,USD,2000,003
0000000378,3000,K,UB,0000000164,20221028,413460.66,USD,2000,005
0000000379,1000,F,ZNB,0000000021,20240211,270704.96,USD,1000,006
0000000380,2000,K,ZNB,0000000068,20241008,394680.05,USD,2000,002
0000000381,3000,K,NB,0000000081,20200523,115511.85,COP,2000,005
0000000382,2000,K,ZNB,0000000104,20231002,85986.89,USD,1000,009
0000000383,3000,K,ZNB,0000000048,20231014,418221.63,EUR,2000,009
0000000384,2000,K,ZNB,0000000049,20201031,410583.01,USD,1000,006
0000000385,1000,K,ZNB,0000000022,20240712,371404.55,USD,1000,006
0000000386,1000,F,NB,0000000079,20220402,113128.28,EUR,1000,002
0000000387,2000,K,NB,0000000175,20210801,469459.06,EUR,2000,004
0000000388,1000,K,UB,0000000016,20200106,55029.38,COP,1000,006
0000000389,3000,F,NB,0000000109,20220511,272767.39,USD,1000,002
0000000390,2000,F,ZNB,0000000034,20200310,89749.35,COP,2000,006
0000000391,3000,K,NB,0000000033,20210809,474578.38,USD,1000,004
0000000392,3000,K,NB,0000000012,20220625,363517.15,COP,1000,007
0000000393,3000,K,NB,0000000052,20220121,241928.54,USD,1000,009
0000000394,3000,F,ZNB,0000000187,20220808,386863.8,COP,1000,002
0000000395,3000,F,ZNB,0000000187,20210108,294753.53,USD,1000,006
0000000396,3000,F,NB,0000000170,20200227,213572.87,USD,1000,009
0000000397,2000,F,UB,0000000192,20231024,466428.82,COP,1000,003
0000000398,1000,F,NB,0000000121,20221218,430677.94,COP,1000,002
0000000399,2000,F,UB,0000000020,20230712,48108.94,USD,2000,004
0000000400,2000,K,UB,0000000159,20211108,136757.13,EUR,1000,008
0000000401,1000,K,NB,0000000071,20200517,6454.28,USD,1000,005
0000000402,2000,K,ZNB,0000000198,20230814,56905.16,USD,2000,001
0000000403,3000,F,NB,0000000105,20240904,255620.18,USD,1000,008
0000000404,2000,F,ZNB,0000000119,20230729,314997.77,COP,1000,001
0000000405,3000,F,NB,0000000063,20220224,212638.79,EUR,1000,003
0000000406,2000,K,UB,0000000100,20210725,145651.72,COP,2000,007
0000000407,1000,K,ZNB,0000000197,20241020,215704.18,EUR,1000,009
0000000408,2000,K,UB,0000000097,20210425,236609.84,USD,2000,009
0000000409,3000,K,NB,0000000160,20200901,41023.63,COP,2000,005
0000000410,2000,K,ZNB,0000000042,20230906,29191.28,USD,2000,008
0000000411,1000,F,NB,0000000074,20200916,214490.05,EUR,2000,009
0000000412,2000,K,UB,0000000145,20240909,353768.33,USD,2000,007
0000000413,3000,F,ZNB,0000000035,20220508,400129.57,USD,1000,005
0000000414,1000,F,ZNB,0000000111,20220702,189232.19,USD,1000,006
0000000415,3000,F,UB,0000000152,20230626,7981.89,COP,2000,005
0000000416,1000,K,NB,0000000125,20230207,348049.99,USD,1000,001
0000000417,2000,K,NB,0000000068,20230624,229013.06,EUR,1000,007
0000000418,1000,K,ZNB,0000000069,20230801,181683.79,EUR,2000,004
0000000419,2000,F,UB,0000000031,20221030,71532.54,USD,1000,006
0000000420,3000,F,UB,0000000094,20211106,73750.15,EUR,1000,002
0000000421,2000,F,UB,0000000194,20210326,301172.05,COP,2000,006
0000000422,1000,F,ZNB,0000000006,20220308,311366.75,USD,1000,006
0000000423,3000,F,ZNB,0000000059,20240719,127979.5,COP,1000,006
0000000424,2000,F,ZNB,0000000015,20230504,51003.64,COP,1000,001
0000000425,3000,F,NB,0000000137,20230726,12794.57,USD,2000,006
0000000426,2000,F,NB,0000000110,20230501,175993.82,USD,2000,006
0000000427,2000,K,UB,0000000100,20210714,289648.42,EUR,1000,002
0000000428,3000,K,NB,0000000187,20221218,419971.18,USD,1000,008
0000000429,2000,F,ZNB,0000000157,20221010,161506.15,USD,1000,006
0000000430,1000,K,UB,0000000075,20200429,304904.38,USD,1000,001
0000000431,3000,F,ZNB,0000000044,20240320,436563.61,USD,2000,004
0000000432,2000,K,NB,0000000156,20220801,438413.64,USD,2000,006
0000000433,3000,F,NB,0000000176,20220615,474228.95,COP,2000,002
0000000434,3000,K,ZNB,0000000151,20240912,445786.64,USD,1000,005
0000000435,2000,F,ZNB,0000000011,20220722,358344.52,COP,1000,006
0000000436,1000,K,NB,0000000130,20201001,8382.39,EUR,1000,009
0000000437,3000,F,ZNB,0000000039,20220717,413576.46,USD,1000,002
0000000438,2000,F,UB,0000000128,20200525,350830.75,EUR,1000,004
0000000439,3000,F,UB,0000000027,20240708,258101.03,EUR,1000,005
0000000440,2000,F,UB,0000000161,20230412,25119.9,EUR,1000,006
0000000441,1000,K,ZNB,0000000080,20210106,221961.91,USD,2000,003
0000000442,1000,K,UB,0000000034,20241023,77336.1,EUR,2000,008
0000000443,1000,F,ZNB,0000000013,20200610,256440.97,COP,1000,002
0000000444,3000,F,NB,0000000083,20210811,371338.22,COP,1000,007
0000000445,3000,F,NB,0000000176,20200721,380256.1,USD,2000,003
0000000446,2000,F,UB,0000000079,20201208,246814.49,USD,2000,004
0000000447,3000,K,ZNB,0000000075,20200330,219302.68,COP,2000,007
0000000448,1000,K,ZNB,0000000079,20211002,207085.46,COP,2000,007
0000000449,3000,F,UB,0000000131,20230127,196354.44,EUR,2000,004
0000000450,1000,K,ZNB,0000000186,20230829,48333.41,USD,2000,008
0000000451,3000,F,NB,0000000145,20240216,292128.44,COP,2000,001
0000000452,3000,K,ZNB,0000000167,20200428,87615.14,USD,2000,008
0000000453,1000,K,ZNB,0000000002,20221224,162612.18,EUR,2000,005
0000000454,1000,F,ZNB,0000000182,20211020,64638.04,COP,1000,009
0000000455,1000,K,NB,0000000136,20241229,110368.63,USD,2000,005
0000000456,1000,F,NB,0000000110,20210727,131930.37,EUR,1000,007
0000000457,1000,K,NB,0000000057,20230429,342280.29,EUR,1000,007
0000000458,2000,K,UB,0000000087,20201029,169898.44,EUR,1000,003
0000000459,2000,F,NB,0000000024,20240606,60227.05,COP,2000,009
0000000460,2000,F,UB,0000000039,20240722,220675.14,USD,1000,009
0000000461,3000,F,ZNB,0000000123,20211013,403475.77,EUR,2000,005
0000000462,1000,F,NB,0000000029,20201011,375918.68,EUR,1000,007
0000000463,2000,K,ZNB,0000000172,20240920,498935.91,EUR,2000,004
0000000464,1000,K,NB,0000000117,20230419,54171.96,COP,1000,003
0000000465,2000,K,NB,0000000010,20231224,155017.61,USD,2000,006
0000000466,2000,K,NB,0000000024,20240919,107464.77,COP,1000,004
0000000467,1000,F,ZNB,0000000066,20201216,391335.11,EUR,2000,003
0000000468,2000,F,UB,0000000103,20210618,285484.21,USD,2000,005
0000000469,2000,K,NB,0000000164,20200829,406189.47,USD,1000,003
0000000470,2000,F,UB,0000000134,20200817,334130.85,EUR,2000,007
0000000471,3000,F,UB,0000000100,20201004,362621.47,USD,1000,002
0000000472,1000,K,NB,0000000025,20240524,191524.62,USD,1000,006
0000000473,3000,F,UB,0000000001,20240607,297484.28,EUR,1000,002
0000000474,1000,F,UB,0000000052,20230909,279061.74,EUR,2000,005
0000000475,1000,F,UB,0000000135,20240529,437305.71,USD,2000,002
0000000476,2000,F,ZNB,0000000079,20221013,26850.45,EUR,2000,008
0000000477,2000,F,UB,0000000136,20220303,269579.96,COP,1000,001
0000000478,2000,F,ZNB,0000000191,20230405,307511.73,USD,1000,003
0000000479,2000,K,UB,0000000159,20220410,345267.68,EUR,1000,009
0000000480,2000,F,UB,0000000119,20241110,295603.54,USD,1000,003
0000000481,3000,F,UB,0000000147,20200122,172324.83,EUR,1000,003
0000000482,1000,F,ZNB,0000000153,20240815,65939.94,COP,2000,003
0000000483,3000,F,NB,0000000145,20230708,136241.83,COP,1000,009
0000000484,3000,K,ZNB,0000000043,20200104,212487.31,COP,2000,003
0000000485,2000,F,UB,0000000124,20210815,134367.85,EUR,2000,004
0000000486,2000,F,ZNB,0000000190,20210927,165259.63,USD,2000,009
0000000487,3000,K,ZNB,0000000058,20231117,410779.36,COP,1000,005
0000000488,1000,F,ZNB,0000000061,20201226,31806.43,USD,1000,008
0000000489,3000,F,NB,0000000093,20240126,92096.5,EUR,1000,005
0000000490,1000,K,ZNB,0000000154,20230305,469864.43,EUR,1000,009
0000000491,3000,K,UB,0000000165,20240615,154149.65,USD,2000,005
0000000492,1000,F,NB,0000000176,20210611,431899.89,EUR,1000,004
0000000493,2000,F,UB,0000000053,20231122,77812.38,COP,1000,008
0000000494,1000,F,NB,0000000113,20221106,479112.65,USD,1000,004
0000000495,1000,F,UB,0000000189,20230910,251098.0,COP,2000,008
0000000496,1000,K,NB,0000000196,20211216,352705.44,EUR,1000,009
0000000497,1000,K,UB,0000000070,20221124,249827.12,USD,1000,009
0000000498,2000,K,NB,0000000009,20221102,334245.59,USD,1000,003
0000000499,1000,F,ZNB,0000000173,20230211,258820.2,EUR,2000,009
0000000500,2000,F,ZNB,0000000098,20200217,198361.69,USD,2000,003
0000000501,1000,K,UB,0000000131,20240116,300443.25,EUR,1000,004
0000000502,1000,K,UB,0000000101,20220317,331181.67,USD,2000,004
0000000503,1000,K,NB,0000000131,20200712,288692.95,EUR,2000,007
0000000504,2000,K,ZNB,0000000174,20220508,140986.31,COP,2000,008
0000000505,2000,F,ZNB,0000000180,20221228,473537.0,EUR,1000,004
0000000506,2000,F,ZNB,0000000011,20230820,491931.2,EUR,2000,006
0000000507,3000,K,UB,0000000104,20240714,369120.74,COP,2000,007
0000000508,3000,F,UB,0000000046,20240828,64716.13,EUR,2000,005
0000000509,1000,F,UB,0000000131,20221125,470344.37,COP,2000,008
0000000510,3000,K,ZNB,0000000089,20231104,183516.0,EUR,1000,003
0000000511,1000,F,UB,0000000097,20210514,210320.55,COP,2000,002
0000000512,3000,K,ZNB,0000000149,20230724,441716.72,EUR,1000,001
0000000513,2000,F,UB,0000000091,20220913,115634.92,COP,2000,004
0000000514,3000,K,UB,0000000166,20210309,295509.06,COP,1000,009
0000000515,2000,F,UB,0000000139,20211022,267835.98,COP,2000,005
0000000516,3000,K,NB,0000000050,20211008,74302.53,USD,2000,005
0000000517,3000,F,ZNB,0000000098,20220807,153450.88,COP,1000,009
0000000518,1000,K,ZNB,0000000142,20220331,418304.89,USD,1000,005
0000000519,3000,K,UB,0000000178,20200909,365318.97,USD,1000,008
0000000520,1000,F,ZNB,0000000098,20220622,217189.57,USD,1000,004
0000000521,3000,K,NB,0000000070,20200618,350205.09,EUR,2000,001
0000000522,2000,F,ZNB,0000000130,20220323,72685.32,COP,2000,001
0000000523,2000,F,ZNB,0000000017,20200202,347712.01,EUR,1000,002
0000000524,2000,K,ZNB,0000000174,20220604,305452.24,USD,2000,005
0000000525,3000,K,UB,0000000156,20210122,412870.08,USD,1000,007
0000000526,1000,K,ZNB,0000000187,20240205,206722.13,USD,2000,001
0000000527,2000,F,ZNB,0000000056,20220526,176756.47,EUR,1000,005
0000000528,3000,F,ZNB,0000000159,20230917,54767.9,USD,1000,006
0000000529,3000,F,UB,0000000192,20241216,300238.2,COP,2000,008
0000000530,2000,K,UB,0000000036,20230428,305414.17,COP,1000,002
0000000531,1000,K,NB,0000000014,20240426,284413.24,COP,1000,008
0000000532,2000,K,UB,0000000040,20210630,86898.55,USD,1000,003
0000000533,2000,K,NB,0000000039,20200106,256194.48,EUR,1000,008
0000000534,3000,F,ZNB,0000000107,20211005,336400.2,EUR,2000,005
0000000535,1000,F,NB,0000000024,20220410,176308.73,COP,2000,004
0000000536,1000,K,ZNB,0000000129,20211106,128796.67,COP,1000,009
0000000537,3000,K,NB,0000000054,20200330,410464.82,EUR,1000,004
0000000538,1000,F,UB,0000000033,20240219,47168.24,COP,2000,005
0000000539,1000,F,NB,0000000166,20240709,139942.3,EUR,1000,001
0000000540,2000,K,UB,0000000048,20230926,173817.44,USD,1000,003
0000000541,1000,K,NB,0000000050,20201223,401371.24,COP,2000,005
0000000542,1000,K,ZNB,0000000114,20241226,171798.94,COP,2000,008
0000000543,1000,F,NB,0000000118,20241123,364581.42,COP,2000,005
0000000544,3000,K,NB,0000000017,20210128,347044.96,COP,1000,004
0000000545,1000,F,UB,0000000095,20240520,285025.09,COP,2000,009
0000000546,3000,F,UB,0000000026,20200910,172049.91,COP,1000,006
0000000547,1000,F,ZNB,0000000032,20220110,205767.84,EUR,2000,002
0000000548,2000,F,ZNB,0000000157,20201221,232628.73,USD,2000,004
0000000549,1000,F,NB,0000000157,20211016,163333.75,COP,1000,005
0000000550,3000,F,NB,0000000129,20200104,298494.48,USD,2000,008
0000000551,1000,K,NB,0000000169,20220529,50528.7,COP,1000,002
0000000552,3000,K,NB,0000000109,20230705,197162.63,COP,2000,005
0000000553,1000,F,NB,0000000107,20220822,309904.76,EUR,2000,003
0000000554,3000,K,UB,0000000073,20210316,178513.8,COP,1000,004
0000000555,3000,F,UB,0000000007,20231206,213328.63,USD,2000,001
0000000556,2000,F,UB,0000000117,20210408,269982.56,USD,1000,008
0000000557,1000,K,UB,0000000014,20210808,140954.33,COP,1000,001
0000000558,3000,F,ZNB,0000000160,20210301,279741.77,COP,1000,007
0000000559,2000,F,ZNB,0000000091,20240914,246688.71,COP,2000,002
0000000560,3000,F,UB,0000000097,20200719,27158.48,EUR,1000,003
0000000561,3000,F,NB,0000000069,20200321,49677.62,USD,1000,006
0000000562,3000,F,UB,0000000072,20220426,235592.79,USD,2000,001
0000000563,2000,F,ZNB,0000000189,20230116,295442.82,EUR,1000,006
0000000564,1000,K,ZNB,0000000154,20241207,248227.79,COP,1000,007
0000000565,3000,K,ZNB,0000000060,20220612,87861.02,USD,2000,004
0000000566,2000,K,NB,0000000068,20241230,60788.63,COP,1000,003
0000000567,3000,F,ZNB,0000000200,20201011,412150.62,COP,1000,006
0000000568,2000,F,UB,0000000115,20220601,277142.73,COP,2000,001
0000000569,1000,K,UB,0000000022,20211021,180413.36,USD,2000,006
0000000570,3000,K,ZNB,0000000022,20241105,29444.91,USD,2000,009
0000000571,2000,F,NB,0000000090,20240316,342086.08,USD,2000,004
0000000572,1000,F,UB,0000000176,20230313,344352.36,EUR,2000,007
0000000573,3000,F,NB,0000000042,20211104,280237.19,USD,1000,006
0000000574,2000,K,ZNB,0000000119,20210708,199640.81,USD,2000,008
0000000575,3000,K,UB,0000000119,20230426,421675.84,USD,1000,005
0000000576,3000,F,NB,0000000158,20220725,412680.6,COP,2000,001
0000000577,2000,F,ZNB,0000000147,20210301,160453.65,COP,1000,003
0000000578,3000,F,UB,0000000110,20210617,47391.53,USD,1000,007
0000000579,2000,F,ZNB,0000000113,20230320,100296.85,USD,1000,001
0000000580,2000,F,UB,0000000003,20240818,316484.88,USD,1000,003
0000000581,2000,F,NB,0000000164,20221209,24646.5,EUR,2000,008
0000000582,3000,F,NB,0000000101,20230427,231050.33,EUR,1000,003
0000000583,1000,F,ZNB,0000000087,20201109,398025.36,USD,1000,003
0000000584,3000,F,ZNB,0000000181,20210806,436285.91,COP,1000,005
0000000585,1000,F,ZNB,0000000039,20201014,51968.61,EUR,2000,001
0000000586,2000,F,ZNB,0000000033,20200119,12966.3,USD,2000,009
0000000587,2000,F,NB,0000000058,20201209,467730.98,COP,2000,004
0000000588,3000,K,UB,0000000086,20241125,172369.65,EUR,1000,003
0000000589,1000,K,ZNB,0000000046,20220410,445540.4,EUR,1000,006
0000000590,1000,F,NB,0000000081,20200221,243083.87,USD,1000,009
0000000591,1000,K,ZNB,0000000167,20240716,299909.25,EUR,2000,004
0000000592,3000,F,UB,0000000183,20241029,397242.49,COP,2000,007
0000000593,1000,K,NB,0000000059,20240111,400126.94,USD,1000,007
0000000594,2000,K,UB,0000000022,20221016,145161.95,COP,2000,005
0000000595,1000,K,ZNB,0000000130,20220222,124046.35,USD,2000,008
0000000596,3000,F,NB,0000000104,20231007,85854.27,EUR,1000,005
0000000597,2000,F,NB,0000000020,20210920,409596.71,EUR,2000,007
0000000598,1000,K,ZNB,0000000118,20220512,154715.17,COP,1000,006
0000000599,2000,K,UB,0000000161,20210729,173264.7,EUR,1000,004
0000000600,3000,F,NB,0000000112,20231124,126577.33,EUR,1000,001
0000000601,3000,F,ZNB,0000000001,20210521,3291.3,COP,1000,001
0000000602,2000,F,NB,0000000046,20230101,449117.78,EUR,2000,002
0000000603,2000,K,UB,0000000185,20200717,217027.3,USD,2000,008
0000000604,1000,F,UB,0000000020,20220728,472630.45,COP,1000,004
0000000605,1000,K,UB,0000000097,20221125,424489.87,USD,1000,004
0000000606,1000,F,NB,0000000134,20210122,395009.06,EUR,2000,005
0000000607,2000,K,UB,0000000073,20201020,390181.12,EUR,1000,003
0000000608,3000,K,ZNB,0000000156,20220815,427855.1,EUR,1000,001
0000000609,3000,K,NB,0000000077,20201229,58832.43,EUR,1000,009
0000000610,3000,F,ZNB,0000000039,20200506,350267.33,EUR,2000,002
0000000611,3000,F,UB,0000000065,20220721,277940.18,COP,1000,009
0000000612,1000,F,ZNB,0000000052,20200413,205847.73,COP,2000,008
0000000613,2000,F,NB,0000000112,20211202,366312.53,EUR,2000,007
0000000614,3000,F,NB,0000000153,20200303,443179.31,COP,1000,005
0000000615,1000,K,ZNB,0000000121,20230612,307131.9,USD,1000,008
0000000616,2000,F,UB,0000000183,20201229,143677.12,COP,1000,009
0000000617,1000,F,UB,0000000087,20220928,463126.15,USD,1000,001
0000000618,2000,F,ZNB,0000000188,20220215,393838.91,EUR,2000,003
0000000619,2000,K,ZNB,0000000092,20200229,132716.6,COP,1000,005
0000000620,2000,F,ZNB,0000000038,20220727,472313.12,USD,1000,003
0000000621,3000,K,UB,0000000091,20240821,421821.46,USD,1000,005
0000000622,3000,K,NB,0000000145,20201012,241868.45,EUR,2000,005
0000000623,1000,F,NB,0000000095,20240417,285217.18,EUR,2000,006
0000000624,2000,F,NB,0000000041,20211101,179409.58,COP,2000,006
0000000625,1000,F,ZNB,0000000189,20201205,148234.68,EUR,2000,003
0000000626,1000,K,NB,0000000084,20220813,419650.97,USD,1000,006
0000000627,1000,K,NB,0000000054,20230903,318424.9,COP,2000,009
0000000628,2000,K,ZNB,0000000113,20210530,218495.6,COP,2000,007
0000000629,1000,K,NB,0000000035,20221112,254974.69,EUR,2000,003
0000000630,2000,K,NB,0000000170,20200111,391840.81,COP,2000,003
0000000631,2000,K,NB,0000000042,20231211,289336.58,EUR,1000,008
0000000632,1000,K,ZNB,0000000007,20200519,452639.69,EUR,2000,003
0000000633,3000,F,NB,0000000046,20240127,149711.96,EUR,1000,001
0000000634,2000,K,UB,0000000183,20230131,380137.62,EUR,1000,006
0000000635,1000,K,UB,0000000152,20220901,328506.06,COP,1000,005
0000000636,2000,F,UB,0000000086,20220916,479214.76,USD,2000,003
0000000637,1000,K,ZNB,0000000163,20231004,299475.53,COP,1000,002
0000000638,2000,F,NB,0000000093,20230415,288386.55,COP,1000,001
0000000639,2000,K,NB,0000000176,20230106,45476.39,USD,2000,003
0000000640,3000,K,ZNB,0000000121,20221112,309441.19,USD,2000,002
0000000641,1000,F,ZNB,0000000195,20240924,146972.93,USD,1000,007
0000000642,2000,K,UB,0000000004,20210127,143015.54,COP,2000,003
0000000643,3000,K,ZNB,0000000147,20241029,282618.65,EUR,1000,006
0000000644,2000,F,UB,0000000102,20220901,440748.39,USD,2000,005
0000000645,3000,K,UB,0000000053,20210329,344766.68,COP,1000,005
0000000646,1000,F,NB,0000000137,20220809,168736.18,USD,2000,001
0000000647,1000,F,ZNB,0000000113,20221027,443195.67,COP,2000,005
0000000648,1000,K,ZNB,0000000005,20231004,481515.45,USD,2000,008
0000000649,1000,K,UB,0000000088,20241124,216622.07,EUR,2000,001
0000000650,1000,K,ZNB,0000000140,20211202,1941.28,USD,2000,005
0000000651,1000,F,ZNB,0000000111,20220629,123003.87,EUR,2000,003
0000000652,2000,F,UB,0000000043,20210222,13955.37,COP,2000,005
0000000653,3000,K,UB,0000000033,20230522,86543.98,USD,1000,007
0000000654,1000,K,NB,0000000067,20201101,59057.8,USD,2000,007
0000000655,2000,F,UB,0000000141,20201024,359965.53,EUR,1000,003
0000000656,2000,F,ZNB,0000000164,20240103,227920.93,EUR,2000,001
0000000657,2000,K,NB,0000000040,20211204,131579.88,USD,1000,005
0000000658,1000,K,NB,0000000192,20201022,123748.15,USD,2000,003
0000000659,3000,F,NB,0000000156,20211128,496382.77,COP,1000,003
0000000660,1000,F,ZNB,0000000144,20210925,94094.42,EUR,2000,006
0000000661,3000,F,UB,0000000116,20200830,398989.07,EUR,2000,008
0000000662,3000,F,ZNB,0000000179,20210315,23597.84,COP,1000,001
0000000663,2000,F,NB,0000000146,20230723,164379.55,EUR,2000,009
0000000664,1000,K,ZNB,0000000039,20220428,224934.62,EUR,2000,007
0000000665,1000,F,UB,0000000079,20200831,496395.21,USD,2000,008
0000000666,1000,F,NB,0000000121,20240928,11764.78,USD,1000,002
0000000667,3000,K,NB,0000000072,20200621,21212.95,COP,2000,007
0000000668,1000,F,ZNB,0000000026,20210419,129312.59,EUR,1000,006
0000000669,3000,F,UB,0000000030,20230507,319576.63,USD,1000,007
0000000670,3000,K,ZNB,0000000124,20241118,489017.85,COP,1000,006
0000000671,3000,F,UB,0000000007,20200927,17131.02,USD,1000,006
0000000672,2000,F,NB,0000000122,20240901,190227.88,USD,2000,004
0000000673,1000,K,ZNB,0000000129,20241206,321394.51,EUR,2000,008
0000000674,1000,F,NB,0000000176,20240316,420454.45,USD,2000,009
0000000675,3000,F,UB,0000000161,20221228,378587.17,EUR,1000,006
0000000676,2000,K,UB,0000000016,20200503,95437.7,USD,1000,009
0000000677,1000,K,ZNB,0000000096,20231207,278402.52,USD,2000,001
0000000678,3000,K,NB,0000000081,20201217,93866.66,EUR,1000,005
0000000679,2000,F,UB,0000000133,20220511,357057.24,USD,1000,007
0000000680,2000,K,NB,0000000193,20210928,471629.13,EUR,1000,009
0000000681,2000,F,NB,0000000064,20240720,244040.88,COP,2000,001
0000000682,1000,F,UB,0000000160,20230401,393294.27,USD,1000,001
0000000683,2000,F,UB,0000000112,20230327,342341.9,USD,1000,009
0000000684,2000,F,ZNB,0000000075,20211126,161204.51,USD,1000,003
0000000685,3000,F,UB,0000000115,20210827,428370.72,USD,1000,002
0000000686,1000,K,ZNB,0000000060,20230320,390670.84,EUR,1000,001
0000000687,3000,F,UB,0000000080,20200507,133665.24,EUR,2000,004
0000000688,1000,F,NB,0000000025,20210701,275733.29,USD,1000,005
0000000689,2000,F,NB,0000000052,20200505,104296.23,COP,1000,006
0000000690,3000,F,ZNB,0000000023,20201218,24354.65,EUR,2000,005
0000000691,1000,F,NB,0000000166,20200922,260713.4,USD,1000,009
0000000692,3000,K,ZNB,0000000035,20200420,418921.15,EUR,2000,003
0000000693,3000,K,UB,0000000035,20200223,494825.29,EUR,1000,008
0000000694,2000,F,ZNB,0000000143,20200822,105315.17,USD,1000,005
0000000695,3000,K,ZNB,0000000189,20220118,175295.1,EUR,1000,003
0000000696,2000,K,NB,0000000121,20240213,197936.71,EUR,1000,002
0000000697,2000,K,NB,0000000017,20210907,146514.01,USD,2000,002
0000000698,2000,F,ZNB,0000000172,20200105,151723.83,EUR,1000,009
0000000699,2000,K,UB,0000000146,20211118,474443.54,COP,2000,003
0000000700,2000,K,ZNB,0000000035,20211223,482955.64,COP,1000,002
0000000701,3000,F,NB,0000000149,20230622,460151.17,USD,2000,004
0000000702,1000,K,UB,0000000141,20240225,406194.69,EUR,1000,003
0000000703,3000,F,ZNB,0000000151,20240226,418681.28,COP,2000,006
0000000704,2000,K,UB,0000000179,20201212,426985.89,EUR,1000,009
0000000705,2000,K,UB,0000000169,20220701,360531.56,USD,2000,009
0000000706,2000,F,NB,0000000123,20220316,443060.84,USD,1000,009
0000000707,3000,K,UB,0000000015,20240803,471533.23,EUR,2000,007
0000000708,2000,F,NB,0000000011,20220321,194421.76,EUR,2000,007
0000000709,3000,F,ZNB,0000000094,20230921,81338.4,USD,1000,009
0000000710,1000,K,NB,0000000081,20220111,288552.16,EUR,1000,007
0000000711,3000,K,UB,0000000171,20230710,287594.92,USD,1000,007
0000000712,3000,F,UB,0000000003,20200219,453118.86,USD,1000,003
0000000713,2000,F,ZNB,0000000097,20231227,425276.39,USD,1000,009
0000000714,2000,K,UB,0000000199,20221018,176393.89,USD,1000,001
0000000715,2000,K,NB,0000000153,20220503,479672.7,USD,1000,006
0000000716,1000,K,NB,0000000085,20241108,195955.98,COP,1000,001
0000000717,3000,F,ZNB,0000000079,20201030,387286.17,USD,1000,008
0000000718,2000,K,NB,0000000144,20221026,87296.95,USD,1000,004
0000000719,1000,K,UB,0000000087,20200312,318727.36,EUR,1000,009
0000000720,3000,F,NB,0000000162,20220327,18005.33,USD,1000,001
0000000721,3000,F,UB,0000000111,20230618,125885.56,COP,1000,004
0000000722,1000,F,ZNB,0000000087,20220717,10223.76,EUR,2000,006
0000000723,1000,K,UB,0000000002,20230625,391485.31,EUR,2000,005
0000000724,2000,F,UB,0000000170,20220322,156797.37,EUR,1000,009
0000000725,1000,F,NB,0000000057,20220311,47401.86,EUR,1000,006
0000000726,1000,F,ZNB,0000000082,20241111,200167.71,EUR,1000,002
0000000727,2000,F,UB,0000000071,20241222,261081.28,COP,1000,005
0000000728,1000,F,UB,0000000140,20210402,207854.85,COP,1000,005
0000000729,2000,K,UB,0000000055,20240313,458103.52,EUR,1000,005
0000000730,3000,F,ZNB,0000000185,20230105,253786.26,EUR,1000,002
0000000731,2000,F,ZNB,0000000061,20230219,351517.36,EUR,1000,008
0000000732,1000,F,UB,0000000031,20220713,411122.5,USD,1000,005
0000000733,3000,K,UB,0000000157,20220530,18111.52,USD,1000,005
0000000734,2000,F,ZNB,0000000200,20210212,78394.64,USD,2000,007
0000000735,2000,K,UB,0000000029,20240612,421457.8,COP,2000,001
0000000736,3000,K,ZNB,0000000063,20210105,322787.14,USD,2000,005
0000000737,2000,F,NB,0000000132,20230119,231624.77,USD,1000,001
0000000738,1000,K,ZNB,0000000178,20230828,233062.41,USD,1000,003
0000000739,1000,F,UB,0000000058,20220813,301040.88,USD,1000,009
0000000740,2000,F,NB,0000000159,20221124,177954.34,EUR,2000,005
0000000741,3000,F,UB,0000000168,20210423,325678.12,EUR,2000,003
0000000742,1000,K,ZNB,0000000007,20220613,236360.56,COP,2000,004
0000000743,3000,K,NB,0000000167,20241113,425436.7,COP,2000,004
0000000744,3000,K,NB,0000000057,20210718,242790.5,EUR,1000,006
0000000745,2000,K,UB,0000000010,20240409,499711.41,COP,1000,003
0000000746,1000,F,ZNB,0000000103,20221212,19095.89,COP,2000,004
0000000747,2000,K,NB,0000000116,20210629,153324.79,USD,1000,003
0000000748,3000,K,NB,0000000074,20240607,25216.35,USD,1000,009
0000000749,3000,F,ZNB,0000000120,20200905,233646.05,EUR,2000,002
0000000750,2000,K,NB,0000000183,20230801,395085.69,USD,1000,006
0000000751,3000,K,NB,0000000197,20240921,419408.15,COP,2000,004
0000000752,3000,K,UB,0000000038,20231204,385241.45,COP,2000,002
0000000753,2000,F,NB,0000000152,20210123,26398.88,USD,1000,007
0000000754,2000,K,UB,0000000172,20230725,352242.29,USD,2000,007
0000000755,2000,F,ZNB,0000000149,20231125,8439.52,EUR,1000,001
0000000756,2000,K,ZNB,0000000151,20210817,346049.69,EUR,1000,007
0000000757,3000,K,ZNB,0000000106,20220718,269312.81,USD,2000,008
0000000758,2000,K,ZNB,0000000197,20240823,476070.56,EUR,2000,007
0000000759,3000,F,UB,0000000079,20231208,96286.4,EUR,2000,004
0000000760,2000,F,NB,0000000059,20210430,463399.25,COP,1000,001
0000000761,3000,F,ZNB,0000000187,20210825,447352.17,EUR,2000,006
0000000762,3000,K,NB,0000000024,20221107,381392.87,COP,1000,001
0000000763,1000,K,ZNB,0000000079,20200721,384461.42,EUR,2000,004
0000000764,1000,K,ZNB,0000000163,20230718,279822.1,EUR,2000,006
0000000765,1000,K,ZNB,0000000027,20211103,281513.91,COP,2000,006
0000000766,1000,K,UB,0000000026,20220807,475731.85,COP,1000,004
0000000767,2000,F,NB,0000000141,20200503,358952.63,COP,1000,002
0000000768,1000,F,UB,0000000072,20220523,304323.07,USD,2000,003
0000000769,1000,F,NB,0000000003,20201005,266881.69,COP,2000,001
0000000770,1000,K,UB,0000000163,20200105,156939.01,EUR,2000,008
0000000771,1000,K,ZNB,0000000193,20201018,3393.02,USD,1000,006
0000000772,1000,F,UB,0000000118,20220501,348590.37,COP,2000,004
0000000773,2000,F,ZNB,0000000168,20200814,314932.86,USD,1000,006
0000000774,2000,K,UB,0000000074,20240114,357004.47,COP,2000,003
0000000775,3000,F,ZNB,0000000090,20220111,185254.3,COP,2000,006
0000000776,1000,K,UB,0000000174,20220718,248999.68,COP,1000,007
0000000777,2000,F,UB,0000000172,20200607,256697.53,COP,2000,008
0000000778,3000,F,NB,0000000033,20211027,98349.11,USD,2000,009
0000000779,3000,K,UB,0000000147,20240515,211370.26,COP,2000,004
0000000780,3000,K,ZNB,0000000044,20201004,156309.7,EUR,2000,001
0000000781,2000,F,UB,0000000007,20200912,189642.85,EUR,2000,007
0000000782,1000,K,NB,0000000114,20201109,186900.07,EUR,2000,008
0000000783,2000,F,ZNB,0000000182,20210316,295018.1,USD,2000,008
0000000784,1000,F,NB,0000000023,20221215,51536.83,COP,1000,009
0000000785,2000,K,NB,0000000071,20231029,405606.46,COP,1000,003
0000000786,3000,K,UB,0000000043,20240416,258493.52,USD,1000,005
0000000787,2000,F,ZNB,0000000154,20200408,472899.32,EUR,2000,001
0000000788,2000,F,ZNB,0000000179,20240922,196535.96,USD,1000,007
0000000789,3000,K,NB,0000000045,20220307,309540.13,USD,2000,004
0000000790,2000,K,ZNB,0000000040,20240927,422899.26,COP,2000,005
0000000791,2000,K,UB,0000000050,20201014,235948.81,USD,2000,001
0000000792,1000,K,UB,0000000184,20221112,382475.96,COP,1000,001
0000000793,3000,F,NB,0000000166,20220425,416811.69,USD,1000,006
0000000794,3000,F,UB,0000000088,20230328,327671.26,USD,1000,001
0000000795,3000,K,ZNB,0000000183,20230206,232383.12,COP,2000,001
0000000796,2000,K,NB,0000000004,20220914,16860.66,COP,1000,006
0000000797,2000,F,UB,0000000012,20240117,121696.85,EUR,1000,006
0000000798,1000,F,NB,0000000099,20210215,179856.8,USD,2000,004
0000000799,1000,K,ZNB,0000000029,20200505,438499.73,EUR,2000,002
0000000800,2000,F,UB,0000000072,20221205,486850.67,COP,2000,004
0000000801,1000,F,ZNB,0000000084,20240121,183203.05,USD,2000,007
0000000802,3000,K,UB,0000000181,20240720,291958.14,USD,2000,001
0000000803,2000,K,ZNB,0000000026,20201219,311581.99,EUR,2000,009
0000000804,2000,K,NB,0000000056,20230107,181072.49,USD,2000,006
0000000805,3000,K,UB,0000000109,20211201,319860.64,COP,2000,005
0000000806,3000,K,UB,0000000010,20240827,45473.62,USD,2000,008
0000000807,2000,K,ZNB,0000000128,20200607,301619.83,COP,1000,004
0000000808,3000,F,NB,0000000171,20221225,119444.24,EUR,2000,009
0000000809,2000,K,NB,0000000164,20240711,347578.15,EUR,1000,006
0000000810,1000,F,ZNB,0000000196,20230110,166699.9,EUR,2000,008
0000000811,1000,K,ZNB,0000000075,20210308,51354.48,USD,2000,007
0000000812,2000,F,ZNB,0000000197,20201028,71287.03,USD,2000,002
0000000813,3000,K,ZNB,0000000177,20210105,14850.73,EUR,1000,003
0000000814,1000,K,ZNB,0000000131,20240411,181843.24,COP,1000,003
0000000815,2000,F,ZNB,0000000006,20200612,402560.28,COP,2000,009
0000000816,2000,K,UB,0000000179,20210311,80020.04,EUR,2000,006
0000000817,1000,F,ZNB,0000000030,20210511,432391.38,EUR,2000,008
0000000818,3000,K,NB,0000000064,20230821,5370.27,USD,1000,001
0000000819,2000,F,UB,0000000080,20240612,343574.0,USD,2000,003
0000000820,2000,K,UB,0000000015,20201020,361484.1,EUR,1000,004
0000000821,3000,F,NB,0000000044,20200317,143548.93,COP,2000,006
0000000822,3000,F,NB,0000000036,20240521,224876.52,USD,2000,006
0000000823,1000,K,NB,0000000108,20241025,48366.11,USD,2000,007
0000000824,1000,F,ZNB,0000000153,20220602,251818.49,COP,1000,004
0000000825,1000,K,UB,0000000107,20240827,68753.72,USD,1000,003
0000000826,1000,F,NB,0000000019,20240702,395337.02,USD,1000,004
0000000827,2000,F,UB,0000000071,20210412,466923.34,EUR,1000,002
0000000828,3000,F,NB,0000000110,20201118,444539.94,USD,2000,003
0000000829,3000,F,NB,0000000200,20240629,275008.65,COP,2000,002
0000000830,3000,F,UB,0000000179,20200217,385422.28,EUR,2000,005
0000000831,2000,F,ZNB,0000000029,20210119,351322.64,EUR,1000,008
0000000832,2000,F,ZNB,0000000160,20200812,165115.22,EUR,1000,006
0000000833,1000,F,NB,0000000056,20210618,305314.42,USD,2000,001
0000000834,3000,K,ZNB,0000000103,20220307,341249.35,USD,2000,007
0000000835,1000,F,NB,0000000027,20211024,276291.28,EUR,1000,001
0000000836,2000,K,UB,0000000183,20230522,78063.99,USD,1000,009
0000000837,1000,F,ZNB,0000000003,20201215,430658.32,USD,2000,009
0000000838,2000,K,NB,0000000020,20200512,204588.28,USD,2000,006
0000000839,1000,K,NB,0000000180,20210113,188434.41,USD,1000,005
0000000840,2000,K,ZNB,0000000008,20241028,41708.55,USD,1000,009
0000000841,2000,F,UB,0000000046,20200807,93460.94,COP,2000,002
0000000842,1000,F,NB,0000000130,20210707,338284.11,USD,1000,002
0000000843,1000,K,ZNB,0000000116,20230404,124063.05,USD,1000,006
0000000844,1000,F,UB,0000000071,20240222,480164.69,USD,1000,008
0000000845,2000,F,UB,0000000071,20220708,394763.8,EUR,1000,009
0000000846,2000,F,ZNB,0000000053,20220528,5859.1,USD,1000,009
0000000847,1000,F,ZNB,0000000055,20210107,74488.89,USD,2000,008
0000000848,2000,F,ZNB,0000000146,20240119,467369.82,USD,2000,004
0000000849,1000,K,UB,0000000043,20230512,49019.19,COP,2000,002
0000000850,3000,K,NB,0000000143,20221215,248530.17,COP,2000,009
0000000851,2000,K,ZNB,0000000126,20200322,307743.53,COP,2000,005
0000000852,3000,F,UB,0000000156,20220216,33984.45,EUR,1000,005
0000000853,2000,F,NB,0000000133,20220718,79984.57,USD,2000,005
0000000854,3000,F,UB,0000000008,20220227,57225.15,COP,2000,004
0000000855,1000,K,NB,0000000116,20210930,103744.13,COP,2000,009
0000000856,2000,K,ZNB,0000000079,20220520,107595.52,USD,1000,008
0000000857,1000,K,UB,0000000113,20240416,266620.0,USD,1000,007
0000000858,2000,F,ZNB,0000000001,20210414,392863.79,EUR,1000,001
0000000859,2000,K,NB,0000000191,20231214,228735.04,EUR,2000,007
0000000860,3000,K,ZNB,0000000076,20240608,490157.13,EUR,1000,001
0000000861,3000,F,NB,0000000143,20220225,43365.48,EUR,1000,004
0000000862,1000,K,ZNB,0000000170,20221209,399177.15,USD,1000,004
0000000863,1000,F,UB,0000000188,20210420,226787.75,COP,2000,008
0000000864,3000,K,NB,0000000148,20200204,72659.54,COP,1000,001
0000000865,1000,F,NB,0000000124,20200423,280462.53,USD,1000,001
0000000866,3000,F,NB,0000000076,20201105,138148.09,COP,1000,007
0000000867,1000,K,NB,0000000144,20230307,450067.16,EUR,1000,008
0000000868,2000,K,UB,0000000186,20200902,253056.12,USD,2000,005
0000000869,3000,F,NB,0000000065,20220913,476643.97,EUR,2000,002
0000000870,1000,F,UB,0000000005,20210717,441559.7,EUR,2000,003
0000000871,1000,K,NB,0000000173,20240124,312169.1,COP,2000,003
0000000872,1000,F,ZNB,0000000027,20220210,451229.56,COP,2000,005
0000000873,1000,K,NB,0000000096,20210517,211169.67,EUR,1000,003
0000000874,1000,F,ZNB,0000000042,20241006,321659.89,EUR,1000,008
0000000875,2000,F,NB,0000000072,20210826,110429.74,EUR,1000,005
0000000876,2000,K,UB,0000000095,20200603,391818.47,EUR,2000,005
0000000877,1000,K,UB,0000000069,20240221,71454.97,USD,2000,009
0000000878,1000,K,UB,0000000029,20200809,240032.54,COP,2000,004
0000000879,3000,K,ZNB,0000000105,20241030,199703.53,USD,2000,003
0000000880,1000,K,NB,0000000163,20210905,22268.28,COP,1000,009
0000000881,2000,F,ZNB,0000000109,20210311,465415.18,COP,1000,004
0000000882,2000,F,ZNB,0000000162,20240519,423924.89,COP,1000,008
0000000883,2000,K,NB,0000000054,20240704,50077.7,USD,1000,003
0000000884,3000,F,ZNB,0000000138,20200324,269790.89,USD,1000,003
0000000885,1000,F,UB,0000000098,20230611,235037.67,USD,1000,007
0000000886,1000,F,ZNB,0000000041,20200109,47728.65,COP,1000,006
0000000887,2000,K,ZNB,0000000016,20231107,340544.93,USD,2000,004
0000000888,2000,F,UB,0000000186,20240130,88980.77,USD,2000,003
0000000889,1000,K,NB,0000000173,20200424,7825.05,USD,1000,002
0000000890,3000,F,UB,0000000012,20220817,74266.23,USD,1000,007
0000000891,3000,F,ZNB,0000000013,20201104,311256.24,EUR,2000,002
0000000892,2000,K,NB,0000000196,20210802,353535.12,USD,2000,006
0000000893,1000,K,ZNB,0000000032,20220826,8613.98,EUR,2000,005
0000000894,1000,K,UB,0000000167,20201203,252665.27,USD,2000,001
0000000895,1000,K,NB,0000000108,20231120,489761.65,USD,2000,001
0000000896,1000,F,NB,0000000146,20240116,354424.37,USD,2000,008
0000000897,3000,K,ZNB,0000000039,20201015,143303.37,USD,1000,006
0000000898,1000,K,UB,0000000101,20220515,390070.77,EUR,2000,009
0000000899,1000,F,UB,0000000124,20211222,28276.88,COP,2000,008
0000000900,2000,K,NB,0000000049,20210202,89261.37,USD,1000,006
0000000901,1000,F,UB,0000000042,20200703,83108.91,EUR,1000,009
0000000902,3000,F,NB,0000000139,20211126,68745.28,USD,1000,002
0000000903,2000,F,ZNB,0000000198,20240101,206089.97,USD,1000,008
0000000904,1000,F,NB,0000000064,20220322,487916.44,USD,1000,006
0000000905,1000,K,ZNB,0000000153,20231006,71734.71,COP,1000,005
0000000906,3000,F,UB,0000000037,20200510,30009.36,USD,2000,007
0000000907,3000,F,UB,0000000087,20240103,274294.0,USD,1000,004
0000000908,1000,K,NB,0000000123,20200528,11580.81,COP,1000,009
0000000909,3000,K,NB,0000000118,20200518,102297.23,USD,2000,003
0000000910,2000,K,ZNB,0000000042,20210527,330025.9,COP,2000,004
0000000911,1000,K,ZNB,0000000189,20240619,29467.63,COP,2000,006
0000000912,1000,F,UB,0000000043,20210526,251585.4,USD,1000,002
0000000913,2000,F,NB,0000000065,20210324,148539.75,COP,2000,008
0000000914,2000,F,UB,0000000081,20210621,122759.76,EUR,1000,002
0000000915,3000,K,NB,0000000122,20210816,372926.57,COP,1000,005
0000000916,1000,K,ZNB,0000000034,20210129,458195.44,EUR,2000,004
0000000917,1000,K,ZNB,0000000101,20210327,316243.78,EUR,2000,009
0000000918,1000,K,NB,0000000121,20211106,191124.47,USD,1000,004
0000000919,3000,F,NB,0000000121,20221129,427238.05,COP,1000,007
0000000920,1000,F,NB,0000000072,20201012,284740.57,EUR,2000,002
0000000921,2000,F,UB,0000000019,20230815,462033.78,USD,2000,003
0000000922,3000,K,UB,0000000102,20200618,360777.82,EUR,2000,001
0000000923,1000,K,NB,0000000050,20241129,102341.59,USD,1000,007
0000000924,1000,K,ZNB,0000000038,20240107,362931.38,USD,2000,007
0000000925,3000,K,NB,0000000063,20210214,392636.7,USD,1000,005
0000000926,3000,K,NB,0000000062,20220221,321845.62,EUR,2000,002
0000000927,3000,F,NB,0000000076,20210207,270903.9,USD,1000,001
0000000928,3000,K,ZNB,0000000162,20201101,160032.93,EUR,1000,008
0000000929,2000,K,ZNB,0000000199,20211111,270803.87,COP,1000,004
0000000930,2000,K,ZNB,0000000081,20210227,391187.6,USD,2000,003
0000000931,3000,K,UB,0000000162,20231125,70437.61,COP,2000,005
0000000932,1000,K,NB,0000000014,20210922,61617.17,EUR,2000,002
0000000933,1000,K,UB,0000000013,20201220,101211.61,EUR,1000,003
0000000934,1000,K,NB,0000000121,20231127,446227.88,COP,1000,008
0000000935,2000,F,ZNB,0000000045,20231104,418929.06,COP,1000,007
0000000936,3000,F,ZNB,0000000091,20230318,95430.27,COP,1000,007
0000000937,1000,F,ZNB,0000000004,20231012,468439.18,EUR,2000,009
0000000938,3000,F,ZNB,0000000098,20200210,303092.51,EUR,1000,004
0000000939,2000,K,NB,0000000011,20220205,231172.32,USD,2000,008
0000000940,2000,F,ZNB,0000000007,20201010,400204.28,COP,1000,003
0000000941,1000,K,NB,0000000013,20231227,311741.93,USD,2000,009
0000000942,1000,F,UB,0000000092,20240327,452719.14,EUR,2000,009
0000000943,1000,K,NB,0000000145,20210701,236133.1,EUR,1000,009
0000000944,2000,K,UB,0000000079,20240304,295835.59,COP,2000,009
0000000945,3000,F,ZNB,0000000110,20201130,413755.03,USD,2000,001
0000000946,2000,K,ZNB,0000000157,20210318,293193.72,USD,1000,004
0000000947,3000,F,NB,0000000123,20200116,498690.5,EUR,2000,009
0000000948,3000,K,ZNB,0000000177,20231230,179464.93,USD,1000,005
0000000949,3000,F,NB,0000000103,20221102,297235.5,USD,2000,009
0000000950,3000,F,NB,0000000065,20200106,132094.65,EUR,2000,006
0000000951,3000,F,NB,0000000145,20200921,285041.13,USD,1000,001
0000000952,1000,K,ZNB,0000000127,20230124,483676.79,EUR,1000,001
0000000953,3000,K,NB,0000000017,20240131,195749.14,EUR,1000,002
0000000954,2000,F,UB,0000000157,20200208,16857.72,EUR,1000,002
0000000955,3000,K,ZNB,0000000099,20211216,23817.76,COP,2000,005
0000000956,2000,F,UB,0000000069,20200927,390504.54,COP,1000,008
0000000957,2000,F,NB,0000000180,20230615,471364.6,COP,1000,004
0000000958,3000,K,UB,0000000018,20201030,254291.27,USD,2000,004
0000000959,3000,K,NB,0000000167,20201004,206953.01,USD,2000,004
0000000960,2000,F,NB,0000000200,20240806,98934.54,USD,2000,005
0000000961,2000,F,ZNB,0000000127,20240927,410850.12,EUR,2000,005
0000000962,3000,F,ZNB,0000000005,20220322,286707.65,USD,2000,006
0000000963,3000,K,UB,0000000112,20240208,33383.63,USD,2000,006
0000000964,1000,F,ZNB,0000000001,20200418,371843.02,COP,1000,006
0000000965,3000,K,ZNB,0000000109,20210628,429946.41,COP,1000,003
0000000966,3000,K,ZNB,0000000003,20211017,344200.64,EUR,2000,006
0000000967,1000,K,UB,0000000115,20240101,265278.92,COP,2000,009
0000000968,2000,F,ZNB,0000000138,20240922,270613.15,USD,2000,003
0000000969,3000,F,ZNB,0000000115,20210519,389093.08,USD,1000,004
0000000970,1000,F,ZNB,0000000105,20201012,200631.88,COP,1000,006
0000000971,3000,F,UB,0000000159,20230512,137249.31,EUR,2000,001
0000000972,3000,K,NB,0000000124,20230419,127818.15,EUR,2000,006
0000000973,1000,F,NB,0000000199,20200408,162506.62,USD,1000,007
0000000974,1000,K,NB,0000000090,20230528,123869.18,COP,2000,008
0000000975,3000,K,ZNB,0000000083,20220816,202984.86,COP,2000,001
0000000976,1000,K,NB,0000000177,20240915,263162.27,COP,2000,002
0000000977,1000,K,ZNB,0000000197,20231024,300295.56,EUR,2000,005
0000000978,1000,F,ZNB,0000000061,20240802,113453.82,USD,2000,009
0000000979,2000,F,NB,0000000198,20230221,289071.82,USD,1000,003
0000000980,2000,F,NB,0000000038,20220129,419878.73,EUR,2000,008
0000000981,2000,F,NB,0000000116,20200623,267851.75,COP,2000,002
0000000982,3000,K,UB,0000000188,20221001,488171.75,COP,2000,002
0000000983,2000,K,UB,0000000067,20211008,124278.41,COP,1000,003
0000000984,1000,F,NB,0000000037,20200810,185076.24,COP,2000,006
0000000985,1000,F,ZNB,0000000150,20201005,327646.02,USD,2000,009
0000000986,1000,F,NB,0000000149,20211024,487758.79,COP,2000,002
0000000987,3000,K,UB,0000000074,20201228,278724.78,EUR,2000,009
0000000988,2000,K,ZNB,0000000083,20220206,281344.03,USD,1000,004
0000000989,1000,K,NB,0000000057,20230702,469760.02,EUR,1000,002
0000000990,2000,K,ZNB,0000000098,20210315,5346.21,USD,2000,001
0000000991,1000,F,UB,0000000173,20220529,46465.83,EUR,1000,007
0000000992,2000,F,UB,0000000161,20240911,345389.82,USD,2000,004
0000000993,1000,K,UB,0000000178,20200922,375828.26,COP,2000,003
0000000994,1000,F,UB,0000000144,20230727,58038.26,COP,2000,009
0000000995,3000,K,ZNB,0000000011,20220205,114195.42,USD,1000,007
0000000996,1000,K,UB,0000000132,20211111,397963.65,USD,2000,004
0000000997,3000,K,NB,0000000144,20220715,134418.77,EUR,2000,005
0000000998,2000,F,NB,0000000050,20240327,393811.41,COP,2000,004
0000000999,2000,F,NB,0000000173,20220802,313866.2,USD,2000,005
0000001000,1000,F,ZNB,0000000057,20230721,18276.13,EUR,1000,007
